design_name,parts,
Design A000row1: 1414091420920_A000row1,input_pTet,PlmJ,an2_litr,LitR_OFF,L3S2P24,input_pBAD,SarJ,an0_bm3r1,BM3R1_OFF,L3S2P11,input_pTac,BydvJ,js2_amtr,AmtR_OFF,L3S2P55,pBM3R1,pLitR,RiboJ10,an3_srpr,SrpR_ON,ECK120029600,pSrpR,RiboJ53,an0_phlf,PhlF_OFF,ECK120033737,pPhlF,pAmtR(js),RiboJ60,js_qacr,QacR_ON,ECK120010818,pQacR,output_YFP_OFF
Design A000row2: 1414091420920_A000row2,input_pTet,PlmJ,an2_litr,LitR_OFF,L3S2P24,input_pBAD,SarJ,an0_bm3r1,BM3R1_ON,L3S2P11,input_pTac,BydvJ,js2_amtr,AmtR_OFF,L3S2P55,pBM3R1,pLitR,RiboJ10,an3_srpr,SrpR_ON,ECK120029600,pSrpR,RiboJ53,an0_phlf,PhlF_OFF,ECK120033737,pPhlF,pAmtR(js),RiboJ60,js_qacr,QacR_ON,ECK120010818,pQacR,output_YFP_OFF
Design A000row3: 1414091420920_A000row3,input_pTet,PlmJ,an2_litr,LitR_ON,L3S2P24,input_pBAD,SarJ,an0_bm3r1,BM3R1_OFF,L3S2P11,input_pTac,BydvJ,js2_amtr,AmtR_OFF,L3S2P55,pBM3R1,pLitR,RiboJ10,an3_srpr,SrpR_ON,ECK120029600,pSrpR,RiboJ53,an0_phlf,PhlF_OFF,ECK120033737,pPhlF,pAmtR(js),RiboJ60,js_qacr,QacR_ON,ECK120010818,pQacR,output_YFP_OFF
Design A000row4: 1414091420920_A000row4,input_pTet,PlmJ,an2_litr,LitR_ON,L3S2P24,input_pBAD,SarJ,an0_bm3r1,BM3R1_ON,L3S2P11,input_pTac,BydvJ,js2_amtr,AmtR_OFF,L3S2P55,pBM3R1,pLitR,RiboJ10,an3_srpr,SrpR_OFF,ECK120029600,pSrpR,RiboJ53,an0_phlf,PhlF_ON,ECK120033737,pPhlF,pAmtR(js),RiboJ60,js_qacr,QacR_ON,ECK120010818,pQacR,output_YFP_OFF
Design A000row5: 1414091420920_A000row5,input_pTet,PlmJ,an2_litr,LitR_OFF,L3S2P24,input_pBAD,SarJ,an0_bm3r1,BM3R1_OFF,L3S2P11,input_pTac,BydvJ,js2_amtr,AmtR_ON,L3S2P55,pBM3R1,pLitR,RiboJ10,an3_srpr,SrpR_ON,ECK120029600,pSrpR,RiboJ53,an0_phlf,PhlF_OFF,ECK120033737,pPhlF,pAmtR(js),RiboJ60,js_qacr,QacR_ON,ECK120010818,pQacR,output_YFP_OFF
Design A000row6: 1414091420920_A000row6,input_pTet,PlmJ,an2_litr,LitR_OFF,L3S2P24,input_pBAD,SarJ,an0_bm3r1,BM3R1_ON,L3S2P11,input_pTac,BydvJ,js2_amtr,AmtR_ON,L3S2P55,pBM3R1,pLitR,RiboJ10,an3_srpr,SrpR_ON,ECK120029600,pSrpR,RiboJ53,an0_phlf,PhlF_OFF,ECK120033737,pPhlF,pAmtR(js),RiboJ60,js_qacr,QacR_ON,ECK120010818,pQacR,output_YFP_OFF
Design A000row7: 1414091420920_A000row7,input_pTet,PlmJ,an2_litr,LitR_ON,L3S2P24,input_pBAD,SarJ,an0_bm3r1,BM3R1_OFF,L3S2P11,input_pTac,BydvJ,js2_amtr,AmtR_ON,L3S2P55,pBM3R1,pLitR,RiboJ10,an3_srpr,SrpR_ON,ECK120029600,pSrpR,RiboJ53,an0_phlf,PhlF_OFF,ECK120033737,pPhlF,pAmtR(js),RiboJ60,js_qacr,QacR_ON,ECK120010818,pQacR,output_YFP_OFF
Design A000row8: 1414091420920_A000row8,input_pTet,PlmJ,an2_litr,LitR_ON,L3S2P24,input_pBAD,SarJ,an0_bm3r1,BM3R1_ON,L3S2P11,input_pTac,BydvJ,js2_amtr,AmtR_ON,L3S2P55,pBM3R1,pLitR,RiboJ10,an3_srpr,SrpR_OFF,ECK120029600,pSrpR,RiboJ53,an0_phlf,PhlF_ON,ECK120033737,pPhlF,pAmtR(js),RiboJ60,js_qacr,QacR_OFF,ECK120010818,pQacR,output_YFP_ON
